Common name;Scientific name;Power text;PT Suomeksi
Abbott's Booby;Papasula abbotti;Draw 3 bonus cards, then discard 2. You may discard bonus cards you did not draw this turn.;Nosta 3 bonuskorttia ja hylkää sitten 2. Voit hylätä bonuskortteja, joita et ole nostanut tällä vuorolla.
Acorn Woodpecker;Melanerpes formicivorus;Gain 1 [seed] from the birdfeeder, if available. You may cache it on this bird.;Hanki 1 [siemen] lintujenruokintalaitteesta, jos saatavilla. Voit varastoida sen tälle linnulle.
American Avocet;Recurvirostra americana;"When another player takes the ""lay eggs"" action, lay 1 [egg] on another bird with a [ground] nest.";"Kun toinen pelaaja suorittaa ""muninta"" -toiminnon, muni 1 [muna] toiselle linnulle, jolla on [maa]pesä."
American Bittern;Botaurus lentiginosus;Player(s) with the fewest birds in their [wetland] draw 1 [card].;Pelaajat, joilla on vähiten lintuja [kosteikolla], nostavat yhden [kortin].
American Coot;Fulica americana;Tuck 1 [card] from your hand behind this bird. If you do, draw 1 [card].;Työnnä 1 [kortti] kädestäsi tämän linnun taakse. Jos teet niin, nosta 1 [kortti].
American Crow;Corvus brachyrhynchos;Discard 1 [egg] from any of your other birds to gain 1 [wild] from the supply.;Hävitä 1 [muna] mistä tahansa muista linnuistasi saadaksesi 1 [valinnainen] tarjonnasta.
American Goldfinch;Spinus tristis;Gain 3 [seed] from the supply.;Hanki 3 [siementä] tarjonnasta.
American Kestrel;Falco sparverius;Roll all dice not in birdfeeder. If any are [rodent], cache 1 [rodent] from the supply on this bird.;Heitä kaikkia noppia, jotka eivät ole linnunsyöttölaitteessa. Jos joku on [jyrsijä], varastoi 1 [jyrsijä] tämän linnun päälle.
American Oystercatcher;Haematopus palliatus;Draw [card] equal to the number of players +1. Starting with you and proceeding clockwise, each player selects 1 of those cards and places it in their hand. You keep the extra card.;Nosta [kortti], joka vastaa pelaajien lukumäärää +1. Aloittaen sinusta ja jatkaen myötäpäivään, jokainen pelaaja valitsee yhden näistä korteista ja asettaa sen käteensä. Säilytät ylimääräisen kortin.
American Redstart;Setophaga ruticilla;Gain 1 [die] from the birdfeeder.;Ansaitse 1 [noppa] lintujen ruokintalaitteesta.
American Robin;Turdus migratorius;Tuck 1 [card] from your hand behind this bird. If you do, draw 1 [card].;Työnnä 1 [kortti] kädestäsi tämän linnun taakse. Jos teet niin, nosta 1 [kortti].
American White Pelican;Pelecanus erythrorhynchos;Discard 1 [fish] to tuck 2 [card] from the deck behind this bird.;Hävitä 1 [kala] ja työnnä 2 [korttia] kädestä tämän linnun taakse.
American Woodcock;Scolopax minor;;-
Anhinga;Anhinga anhinga;Roll all dice not in birdfeeder. If any are [fish], cache 1 [fish] from the supply on this bird.;Heitä kaikkia noppia, jotka eivät ole linnunsyöttölaitteessa. Jos ne ovat [kaloja], säilytä 1 [kala] tämän linnun päällä.
Anna's Hummingbird;Calypte anna;Each player gains 1 [die] from the birdfeeder, starting with the player of your choice.;Jokainen pelaaja saa 1 [nopan] linnunruokintalaitteesta alkaen valitsemastasi pelaajasta.
Ash-Throated Flycatcher;Myiarchus cinerascens;Lay 1 [egg] on each of your birds with a [cavity] nest.;Muni 1 [muna] jokaiselle linnullesi, jolla on [kolo] pesä.
Atlantic Puffin;Fratercula arctica;Draw 2 new bonus cards and keep 1.;Nosta 2 uutta bonuskorttia ja pidä 1.
Audouin's Gull;Ichthyaetus audouinii;Draw 2 [card] from the deck. Tuck 1 behind this bird and keep the other.;Nosta 2 [korttia] pakasta. Työnnä yksi tämän linnun taakse ja pidä toinen.
Australasian Pipit;Anthus novaeseelandiae;Tuck 1 [card] from the deck behind each bird in your [grassland], including this one.;Työnnä 1 [kortti] pakasta jokaisen [peltomaalla] olevan linnun taakse, mukaan lukien tämä.
Australasian Shoveler;Spatula rhynchotis;Choose 1 other player. You both draw 1 [card] from the deck.;Valitse 1 muu pelaaja. Nostatte molemmat 1 [kortin] pakasta.
Australian Ibis;Threskiornis moluccus;Shuffle the discard pile, then draw 2 [card] from it. Choose 1 and tuck it behind this bird or add it to your hand. Discard the other.;Sekoita poistopakka ja vedä siitä 2 [korttia]. Valitse 1 ja työnnä se tämän linnun taakse tai lisää se käteesi. Hävitä toinen.
Australian Magpie;Gymnorhina tibicen;Discard 1 [egg] from each bird in this row and column that has an [egg] on it, excluding this bird. For each discarded [egg], cache 2 [seed] from the supply on this bird.;Hävitä 1 [muna] jokaisesta tämän rivin ja sarakkeen linnusta, jolla on [muna], tätä lintua lukuun ottamatta. Säilytä 2 [siementä] jokaista hylättyä [munaa] kohden tämän linnun päällä.
Australian Owlet-Nightjar;Aegotheles cristatus;"When another player takes the ""gain food"" action, gain 1 [invertebrate] from the birdfeeder, if there is one, at the end of their turn.";"Kun toinen pelaaja käyttää ""hanki ruokaa"" -toiminnon, saat 1 [ötökkä] linnunruokintalaitteesta, jos sellainen on, hänen vuoronsa lopussa."
Australian Raven;Corvus coronoides;Cache up to 5 [wild] from your supply on this bird.;Varastoi jopa 5 [valinnaista] varastostasi tälle linnulle.
Australian Reed Warbler;Acrocephalus australis;Play another bird in your wetland. Pay its normal cost with a 1 [egg] discount.;Pelaa toista lintua kosteikkoalueellasi. Maksa sen normaali hinta 1 [munan] alennuksella.
Australian Shelduck;Tadorna tadornoides;Draw 1 face-up [card] from the tray with a [cavity] or [star] nest. You may reset or refill the tray before doing so.;Nosta 1 kuvapuoli ylöspäin [kortti] alustalta, jossa on [kolo] tai [tähti]. Voit nollata tai täyttää alustan ennen kuin teet niin.
Australian Zebra Finch;Taeniopygia castanotis;If the player to your right has a [seed] in their personal supply, tuck a [card] from the deck behind this bird.;Jos oikealla olevalla pelaajalla on [siemen] henkilökohtaisessa varastossaan, työnnä [kortti] pakasta tämän linnun taakse.
Baird's Sparrow;Ammodramus bairdii;Lay 1 [egg] on any bird.;Muni 1 [muna] mille tahansa linnulle.
Bald Eagle;Haliaeetus leucocephalus;Gain all [fish] that are in the birdfeeder.;Ota kaikki [kalat], jotka ovat lintujen ruokintalaitteessa.
Baltimore Oriole;Icterus galbula;All players gain 1 [fruit] from the supply.;Kaikki pelaajat saavat 1 [hedelmä] tarjonnasta.
Barn Owl;Tyto alba;Roll all dice not in birdfeeder. If any are [rodent], cache 1 [rodent] from the supply on this bird.;Pyöritä kaikkia noppia, jotka eivät ole linnunsyöttölaitteessa. Jos joku on [jyrsijä], varastoi 1 [jyrsijä] tämän linnun päälle.
Barn Swallow;Hirundo rustica;Tuck 1 [card] from your hand behind this bird. If you do, draw 1 [card].;Työnnä 1 [kortti] kädestäsi tämän linnun taakse. Jos teet niin, nosta 1 [kortti].
Barred Owl;Strix varia;Look at a [card] from the deck. If less than 75cm, tuck it behind this bird. If not, discard it.;Katso päälimmäistä [korttia] pakasta. Jos siipiväli alle 75 cm, työnnä se tämän linnun taakse. Jos ei, hävitä se.
Barrow's Goldeneye;Bucephala islandica;"When another player takes the ""lay eggs"" action, lay 1 [egg] on another bird with a [cavity] nest.";"Kun toinen pelaaja toteuttaa ""munimis"" -toiminnon, muni 1 [muna] toiselle linnulle, jolla on [kolo]-pesä."
Bell's Vireo;Vireo bellii;Draw 2 new bonus cards and keep 1.;Nosta 2 uutta bonuskorttia ja pidä 1.
Belted Kingfisher;Megaceryle alcyon;When another player plays a bird in their [wetland], gain 1 [fish] from the supply.;Kun toinen pelaaja pelaa lintua omalla [kosteikolla], saa 1 [kala] tarjonnasta.
Bewick's Wren;Thryomanes bewickii;If this bird is to the right of all other birds in its habitat, move it to another habitat.;Jos tämä lintu on kaikkien muiden lintujen oikealla puolella sen elinympäristössä, siirrä se toiseen elinympäristöön.
Black Noddy;Anous minutus;Reset the birdfeeder and gain all [fish], if there are any. You may discard any of these [fish] to tuck that many [card] from the deck behind this bird instead.;Nollaa lintujensyöttölaite ja ota kaikki [kalat], jos niitä on. Voit hylätä kuinka monta tahansa näistä [kaloista] työntääksesi yhtä monta [korttia] pakasta tämän linnun taakse.
Black Redstart;Phoenicurus ochruros;Choose a habitat with no [egg]. Lay 1 [egg] on each bird in that habitat.;Valitse elinympäristö, jossa ei ole [munia]. Muni 1 [muna] jokaiselle kyseisessä elinympäristössä olevalle linnulle.
Black Skimmer;Rynchops niger;Roll all dice not in birdfeeder. If any are [fish], cache 1 [fish] from the supply on this bird.;Heitä kaikkia noppia, jotka eivät ole linnunsyöttölaitteessa. Jos ne ovat [kaloja], säilytä 1 [kala] tämän linnun päällä.
Black Swan;Cygnus atratus;Lay 1 [egg] on each of your birds with a wingspan over 100cm, including this one.;Muni 1 [muna] jokaiselle linnullesi, jonka siipien kärkiväli on yli 100 cm, tämä mukaan lukien.
Black Tern;Chlidonias niger;Draw 1 [card]. If you do, discard 1 [card] from your hand at the end of your turn.;Nosta 1 [kortti]. Jos teet niin, hävitä 1 [kortti] kädestäsi vuorosi lopussa.
Black Vulture;Coragyps atratus;When another player's [predator] succeeds, gain 1 [die] from the birdfeeder.;Kun toisen pelaajan [petoeläin] onnistuu, saa 1 [noppa] linnunruokintalaitteesta.
Black Woodpecker;Dryocopus martius;Gain all [invertebrate] that are in the birdfeeder.;Hanki kaikki [ötökät], jotka ovat lintujen ruokintalaitteessa.
Black-Bellied Whistling-Duck;Dendrocygna autumnalis;Discard 1 [seed] to tuck 2 [card] from the deck behind this bird.;Hävitä 1 [siemen] ja työnnä 2 [korttia] pakasta tämän linnun taakse.
Black-Billed Magpie;Pica hudsonia;When another player's [predator] succeeds, gain 1 [die] from the birdfeeder.;Kun toisen pelaajan [petoeläin] onnistuu, saa 1 [noppa] linnunruokintalaitteesta.
Black-Chinned Hummingbird;Archilochus alexandri;All players gain 1 [fruit] from the supply.;Kaikki pelaajat saavat 1 [hedelmä] tarjonnasta.
Black-Crowned Night-Heron;Nycticorax nycticorax;Discard 1 [egg] from any of your other birds to gain 1 [wild] from the supply.;Hävitä 1 [muna] mistä tahansa muista linnuistasi saadaksesi 1 [valinnainen] tarjonnasta.
Black-Headed Gull;Chroicocephalus ridibundus;Steal 1 [wild] from another player's supply and add it to your own supply. They gain 1 [die] from the birdfeeder.;Varasta 1 [valinnainen] toisen pelaajan varastosta ja lisää se omaan varastoosi. He saavat 1 [nopan] lintujen ruokintakoneesta.
Black-Necked Stilt;Himantopus mexicanus;Draw 2 [card].;Nosta 2 [kortti].
Black-Shouldered Kite;Elanus axillaris;"Reset the birdfeeder and gain 1 [rodent], if there is one. You may give it to another player; if you do, lay up to 3 [egg] on this bird.";"Nollaa lintusyöttölaite ja saa 1 [jyrsijä], jos sellainen on. Voit antaa sen toiselle pelaajalle; jos teet niin, muni enintään 3 [munaa] tälle linnulle."
Black-Tailed Godwit;Limosa limosa;Draw 1 new bonus card. Then draw 3 [card] and keep 1 of them.;Nosta 1 uusi bonuskortti. Nosta sitten 3 [korttia] ja pidä niistä yksi.
Black-Throated Diver;Gavia arctica;Discard all remaining face-up [card] and refill the tray. If you do, draw 1 of the new face-up [card].;Hävitä kaikki jäljellä oleva kuvapuoli ylöspäin [kortti] ja täytä asetin uudelleen. Jos teet niin, nosta yksi uusista kuvapuoli ylöspäin [kortista].
Blue Grosbeak;Passerina caerulea;If this bird is to the right of all other birds in its habitat, move it to another habitat.;Jos tämä lintu on kaikkien muiden lintujen oikealla puolella sen elinympäristössä, siirrä se toiseen elinympäristöön.
Blue Jay;Cyanocitta cristata;Gain 1 [seed] from the birdfeeder, if available. You may cache it on this bird.;Hanki 1 [siemen] lintujenruokintalaitteesta, jos saatavilla. Voit varastoida sen tälle linnulle.
Blue-Gray Gnatcatcher;Polioptila caerulea;Gain 1 [invertebrate] from the supply.;Hanki 1 [ötökkä] tarjonnasta.
Blue-Winged Warbler;Vermivora cyanoptera;;-
Bluethroat;Luscinia svecica;Choose a food type. All players gain 1 of that food from the supply.;Valitse ruokalaji. Kaikki pelaajat saavat 1 ruoasta tarjonnasta.
Blyth's Hornbill;Rhyticeros plicatus;Discard all [egg] from 1 of your birds with a [cavity] nest. Tuck twice that many [card] from the deck behind this bird.;Hävitä kaikki [munat] yhdeltä linnustasi, jolla on [kolo] pesä. Työnnä kaksi kertaa enemmän [korttia] pakasta tämän linnun taakse.
Bobolink;Dolichonyx oryzivorus;Lay 1 [egg] on each of your birds with a [ground] nest.;Muni 1 [muna] jokaiselle linnullesi, jolla on [maa]pesä.
Bonelli's Eagle;Aquila fasciata;For each [rodent] in this bird's cost, you may pay 1 [card] from your hand instead. If you do, tuck the paid [card] behind this card.;Jokaista tämän linnun hinnassa olevaa [jyrsijää] kohden voit sen sijaan maksaa 1 [kortin] kädestäsi. Jos teet niin, työnnä maksettu [kortti] tämän kortin taakse.
Brant;Branta bernicla;Draw the 3 face-up [card] in the bird tray.;Nosta 3 kuvapuoli ylöspäin [korttia] lintutarjottimelta.
Brewer's Blackbird;Euphagus cyanocephalus;Tuck 1 [card] from your hand behind this bird. If you do, you may also lay 1 [egg] on this bird.;Työnnä 1 [kortti] kädestäsi tämän linnun taakse. Jos teet niin, voit myös munia 1 [munan] tälle linnulle.
Broad-Winged Hawk;Buteo platypterus;Roll all dice not in birdfeeder. If any are [rodent], cache 1 [rodent] from the supply on this bird.;Heitä kaikkia noppaa, jotka eivät ole linnunsyöttölaitteessa. Jos joku on [jyrsijä], varastoi 1 [jyrsijä] tämän linnun varastoon.
Brolga;Antigone rubicunda;"Choose 1 other player. They lay 1 [egg]; you draw 2 [card].";"Valitse 1 muu pelaaja. He munivat 1 [munan]; nostat 2 [kortti]."
Bronzed Cowbird;Molothrus aeneus;"When another player takes the ""lay eggs"" action, lay 1 [egg] on a bird with a [bowl] nest.";"Kun toinen pelaaja tekee ""muninta"" -toiminnon, muni 1 [muna] linnulle, jolla on [kulho]pesä."
Brown Falcon;Falco berigora;Look at a [card] from the deck. If its food cost includes an [invertebrate] or a [rodent], tuck it behind this bird. If not, discard it.;Katso [korttia] pakasta. Jos sen ruokahintaan sisältyy [ötökkä] tai [jyrsijä], työnnä se tämän linnun taakse. Jos ei, hävitä se.
Brown Pelican;Pelecanus occidentalis;Gain 3 [fish] from the supply.;Hanki 3 [kalaa] tarjonnasta.
Brown-Headed Cowbird;Molothrus ater;"When another player takes the ""lay eggs"" action, lay 1 [egg] on a bird with a [bowl] nest.";"Kun toinen pelaaja tekee ""muninta"" -toiminnon, muni 1 [muna] linnulle, jolla on [kulho]pesä."
Budgerigar;Melopsittacus undulatus;Tuck the smallest bird in the tray behind this bird.;Työnnä pienin lintu tarjottimella tämän linnun taakse.
Bullfinch;Pyrrhula pyrrhula;Reset the birdfeeder. If you do, gain 1 [seed] or 1 [fruit] from the birdfeeder after resetting.;Nollaa lintujen syöttölaite. Jos teet niin, ota lintujensyöttölaitteesta 1 [siemen] tai 1 [hedelmä] nollauksen jälkeen.
Burrowing Owl;Athene cunicularia;Roll all dice not in birdfeeder. If any are [rodent], cache 1 [rodent] from the supply on this bird.;Heitä kaikkia noppaa, jotka eivät ole linnunsyöttölaitteessa. Jos joku on [jyrsijä], varastoi 1 [jyrsijä] tämän linnun varastoon.
Bushtit;Psaltriparus minimus;Tuck 1 [card] from your hand behind this bird. If you do, you may also lay 1 [egg] on this bird.;Työnnä 1 [kortti] kädestäsi tämän linnun taakse. Jos teet niin, voit myös munia 1 [munan] tälle linnulle.
California Condor;Gymnogyps californianus;Draw 2 new bonus cards and keep 1.;Nosta 2 uutta bonuskorttia ja pidä 1.
California Quail;Callipepla californica;Lay 1 [egg] on this bird.;Muni 1 [muna] tälle linnulle.
Canada Goose;Branta canadensis;Discard 1 [seed] to tuck 2 [card] from the deck behind this bird.;Hävitä 1 [siemen] ja työnnä 2 [korttia] pakasta tämän linnun taakse.
Canvasback;Aythya valisineria;All players draw 1 [card] from the deck.;Kaikki pelaajat nostavat 1 [kortin] pakasta.
Carolina Chickadee;Poecile carolinensis;Cache 1 [seed] from the supply on this bird.;Varastoi 1 [siemen] tämän linnun päälle.
Carolina Wren;Thryothorus ludovicianus;Draw 2 [card].;Nosta 2 [kortti].
Carrion Crow;Corvus corone;Choose any 1 player (including yourself). Cache 1 [rodent] from the supply on this bird for each [predator] that player has.;Valitse yksi pelaaja (mukaan lukien itsesi). Tallenna tämän linnun päälle 1 [jyrsijä] jokaista pelaajalla olevaa [petoeläintä] kohti.
Cassin's Finch;Haemorhous cassinii;Draw 2 new bonus cards and keep 1.;Nosta 2 uutta bonuskorttia ja pidä 1.
Cassin's Sparrow;Peucaea cassinii;Lay 1 [egg] on any bird.;Muni 1 [muna] mille tahansa linnulle.
Cedar Waxwing;Bombycilla cedrorum;Tuck 1 [card] from your hand behind this bird. If you do, gain 1 [fruit] from the supply.;Työnnä 1 [kortti] kädestäsi tämän linnun taakse. Jos teet niin, hanki 1 [hedelmä] tarjonnasta.
Cerulean Warbler;Setophaga cerulea;Draw 2 new bonus cards and keep 1.;Nosta 2 uutta bonuskorttia ja pidä 1.
Cetti's Warbler;Cettia cetti;This bird counts double toward the end-of-round goal, if it qualifies for the goal.;Tämä lintu lasketaan kaksinkertaisesti kierroksen lopun maaliin, jos se pätee maaliin.
Chestnut-Collared Longspur;Calcarius ornatus;Draw 2 new bonus cards and keep 1.;Nosta 2 uutta bonuskorttia ja pidä 1.
Chihuahuan Raven;Corvus cryptoleucus;Discard 1 [egg] from any of your other birds to gain 2 [wild] from the supply.;Hävitä 1 [muna] mistä tahansa muista linnuistasi saadaksesi 2 [vapaavalintaista] tarjonnasta.
Chimney Swift;Chaetura pelagica;If this bird is to the right of all other birds in its habitat, move it to another habitat.;Jos tämä lintu on kaikkien muiden lintujen oikealla puolella sen elinympäristössä, siirrä se toiseen elinympäristöön.
Chipping Sparrow;Spizella passerina;Lay 1 [egg] on any bird.;Muni 1 [muna] mille tahansa linnulle.
Clark's Grebe;Aechmophorus clarkii;Draw 1 [card]. If you do, discard 1 [card] from your hand at the end of your turn.;Nosta 1 [kortti]. Jos teet niin, hävitä 1 [kortti] kädestäsi vuorosi lopussa.
Clark's Nutcracker;Nucifraga columbiana;Gain 1 [seed] from the birdfeeder, if available. You may cache it on this bird.;Hanki 1 [siemen] lintujenruokintalaitteesta, jos saatavilla. Voit tallentaa sen tälle linnulle.
Coal Tit;Periparus ater;Gain 1 [seed] from the supply and cache it on this card. At any time, you may spend [seed] cached on this card.;Hanki 1 [siemen] tarjonnasta ja tallenna se tälle kortille. Voit milloin tahansa kuluttaa [siemenen] tämän kortin varastosta.
Cockatiel;Nymphicus hollandicus;Discard 1 [seed] to choose a [card] from the tray and tuck it behind this bird.;Hävitä 1 [siemen] valitaksesi [kortti] alustalta ja työnnä se tämän linnun taakse.
Common Blackbird;Turdus merula;Place this bird sideways, so that it covers 2 [forest] spaces. Pay the lower egg cost.;Aseta tämä lintu sivuttain niin, että se peittää 2 [metsä] tilaa. Maksa alhaisemmat munakustannukset.
Common Buzzard;Buteo buteo;Instead of paying any costs, you may play this bird on top of another bird on your player mat. Discard any eggs and food from that bird. It becomes a tucked card.;Sen sijaan, että maksat mitään, voit pelata tätä lintua toisen linnun päällä pelaajamatollasi. Hävitä linnun munat ja ruoka. Siitä tulee piilotettu kortti.
Common Chaffinch;Fringilla coelebs;Choose 1-5 birds in this habitat. Tuck 1 [card] from your hand behind each.;Valitse tästä elinympäristöstä 1-5 lintua. Työnnä 1 [kortti] kädestäsi jokaisen taakse.
Common Chiffchaff;Phylloscopus collybita;Choose 1-5 birds in this habitat. Tuck 1 [card] from your hand behind each.;Valitse tästä elinympäristöstä 1-5 lintua. Työnnä 1 [kortti] kädestäsi jokaisen taakse.
Common Cuckoo;Cuculus canorus;"When another player takes the ""lay eggs"" action, this bird lays 1 [egg] on another bird with a [bowl] or [ground] nest.";"Kun toinen pelaaja tekee ""muninta"" toiminnon, tämä lintu munii 1 [munan] toiselle linnulle, jolla on [kulho] tai [maa]pesä."
Common Goldeneye;Bucephala clangula;Lay 1 [egg] on this bird for each other bird with a [cavity] nest that you have.;Muni 1 [muna] tälle linnulle jokaista toista lintuasi kohden, jolla on [kolo] pesä.
Common Grackle;Quiscalus quiscula;Tuck 1 [card] from your hand behind this bird. If you do, you may also lay 1 [egg] on this bird.;Työnnä 1 [kortti] kädestäsi tämän linnun taakse. Jos teet niin, voit myös munia 1 [munan] tälle linnulle.
Common Kingfisher;Alcedo atthis;Steal 1 [fish] from another player's supply and cache it on this bird. They gain 1 [die] from the birdfeeder.;Varasta 1 [kala] toisen pelaajan varastosta ja tallenna se tälle linnulle. He saavat 1 [nopan] lintujen ruokintakoneesta.
Common Little Bittern;Ixobrychus minutus;Gain 1 face-up [card] that can live in [grassland].;Ansaitse yksi kuvapuoli ylöspäin [kortti], joka voi asua [pellolla].
Common Loon;Gavia immer;Player(s) with the fewest birds in their [wetland] draw 1 [card].;Pelaajat, joilla on vähiten lintuja [kosteikolla], nostavat yhden [kortin].
Common Merganser;Mergus merganser;Roll all dice not in birdfeeder. If any are [fish], cache 1 [fish] from the supply on this bird.;Pyöritä kaikkia noppia, jotka eivät ole linnunsyöttölaitteessa. Jos ne ovat [kaloja], säilytä 1 [kala] tämän linnun varastossa.
Common Moorhen;Gallinula chloropus;Discard 1 [wild] from your supply. If you do, play another bird in your [wetland]. Pay its normal food and egg cost.;Hävitä 1 [valinnainen] varastostasi. Jos teet niin, pelaa toinen lintu [kosteikollasi]. Maksa normaalit ruoka- ja munakustannukset.
Common Nighthawk;Chordeiles minor;If this bird is to the right of all other birds in its habitat, move it to another habitat.;Jos tämä lintu on kaikkien muiden lintujen oikealla puolella sen elinympäristössä, siirrä se toiseen elinympäristöön.
Common Nightingale;Luscinia megarhynchos;Choose a food type. All players gain 1 of that food from the supply.;Valitse ruokalaji. Kaikki pelaajat saavat 1 ruoasta tarjonnasta.
Common Raven;Corvus corax;Discard 1 [egg] from any of your other birds to gain 2 [wild] from the supply.;Hävitä 1 [muna] mistä tahansa muista linnuistasi saadaksesi 2 [valinnaista] tarjonnasta.
Common Starling;Sturnus vulgaris;Discard up to 5 [wild] from your supply. For each, tuck 1 [card] from the deck behind this bird.;Hävitä jopa 5 [valinnaista] varastostasi. Työnnä jokaista kohden 1 [kortti] pakasta tämän linnun taakse.
Common Swift;Apus apus;Discard up to 5 [invertebrate] from your supply. For each, tuck 1 [card] from the deck behind this bird.;Hävitä jopa 5 [ötökkää] varusteistasi. Työnnä jokaista kohden 1 [kortti] pakasta tämän linnun taakse.
Common Yellowthroat;Geothlypis trichas;Draw 2 [card]. If you do, discard 1 [card] from your hand at the end of your turn.;Nosta 2 [kortti]. Jos teet niin, hävitä 1 [kortti] kädestäsi vuorosi lopussa.
Cooper's Hawk;Accipiter cooperii;Look at a [card] from the deck. If less than 75cm, tuck it behind this bird. If not, discard it.;Katso [korttia] pakasta. Jos siipiväli on alle 75 cm, työnnä se tämän linnun taakse. Jos ei, hävitä se.
Corsican Nuthatch;Sitta whiteheadi;Draw 1 new bonus card. Then gain 1 [die] from the birdfeeder.;Nosta 1 uusi bonuskortti. Hanki sitten 1 [noppa] lintujen ruokintalaitteesta.
Count Raggi's Bird-of-Paradise;Paradisaea raggiana;Choose 1 other player. You both gain 1 [fruit] from the supply.;Valitse 1 muu pelaaja. Saatte molemmat 1 [hedelmä] tarjonnasta.
Crested Pigeon;Ocyphaps lophotes;Cache up to 8 [seed] from your supply on this bird.;Tallenna jopa 8 [siementä] varastostasi tälle linnulle.
Crimson Chat;Epthianura tricolor;Discard 1 [wild] to tuck 1 [card] from the deck behind this bird.;Hävitä 1 [valinnainen] ja työnnä 1 [kortti] pakasta tämän linnun taakse.
Dark-Eyed Junco;Junco hyemalis;Tuck 1 [card] from your hand behind this bird. If you do, gain 1 [seed] from the supply.;Työnnä 1 [kortti] kädestäsi tämän linnun taakse. Jos teet niin, hanki 1 [siemen] tarjonnasta.
Dickcissel;Spiza americana;Tuck 1 [card] from your hand behind this bird. If you do, you may also lay 1 [egg] on this bird.;Työnnä 1 [kortti] kädestäsi tämän linnun taakse. Jos teet niin, voit myös munia 1 [munan] tälle linnulle.
Double-Crested Cormorant;Phalacrocorax auritus;Discard 1 [fish] to tuck 2 [card] from the deck behind this bird.;Hävitä 1 [kala] ja työnnä 2 [korttia] pakasta tämän linnun taakse.
Downy Woodpecker;Picoides pubescens;Play an additional bird in your [forest]. Pay its normal cost.;Pelaa ylimääräinen lintu [metsään]. Maksa sen normaali hinta.
Dunnock;Prunella modularis;Choose 1 other player. For each action cube on their [grassland], lay 1 [egg] on this bird.;Valitse 1 muu pelaaja. Muni 1 [muna] tälle linnulle jokaista toimintakuutiota kohden heidän [pellollaan].
Eastern Bluebird;Sialia sialis;Play an additional bird in your [grassland]. Pay its normal cost.;Pelaa ylimääräinen lintu [pellollesi]. Maksa sen normaali hinta.
Eastern Imperial Eagle;Aquila heliaca;For each [rodent] in this bird's cost, you may pay 1 [card] from your hand instead. If you do, tuck the paid [card] behind this card.;Jokaista tämän linnun hinnassa olevaa [jyrsijää] kohden voit sen sijaan maksaa 1 [kortin] kädestäsi. Jos teet niin, työnnä maksettu [kortti] tämän kortin taakse.
Eastern Kingbird;Tyrannus tyrannus;When another player plays a bird in their [forest], gain 1 [invertebrate] from the supply.;Kun toinen pelaaja pelaa lintua hänen [metsässään], saa 1 [ötökän] tarjouksesta.
Eastern Phoebe;Sayornis phoebe;All players gain 1 [invertebrate] from the supply.;Kaikki pelaajat saavat 1 [ötökän] tarjouksesta.
Eastern Rosella;Platycercus eximius;All players gain 1 [nectar] from the supply. You also gain 1 [seed] from the supply.;Kaikki pelaajat saavat 1 [nektarin] tarjonnasta. Saat myös 1 [siemenen] tarjonnasta.
Eastern Screech-Owl;Megascops asio;Roll all dice not in birdfeeder. If any are [rodent], cache 1 [rodent] from the supply on this bird.;Pyöritä kaikkia noppia, jotka eivät ole linnunsyöttölaitteessa. Jos joku on [jyrsijä], tallenna 1 [jyrsijä] tämän linnun päälle.
Eastern Whipbird;Psophodes olivaceus;Choose 1 other player. You both gain 1 [seed] from the supply.;Valitse 1 muu pelaaja. Saatte molemmat 1 [siemenen] tarjonnasta.
Eleonora's Falcon;Falco eleonorae;Roll all dice not in the birdfeeder. If any are [rodent], place 1 [egg] on this card.;Pyöritä kaikkia noppia, jotka eivät ole lintujenruokintakoneessa. Jos joku on [jyrsijä], aseta 1 [muna] tälle kortille.
Emu;Dromaius novaehollandiae;Gain all [seed] that are in the birdfeeder. Keep half (rounded up), then choose how to distribute the remainder among the other player(s).;Hanki kaikki [siemenet], jotka ovat lintujen ruokintalaitteessa. Säilytä puolet (pyöristettynä ylöspäin) ja valitse sitten, kuinka jaat loput muiden pelaajien kesken.
Eurasian Collared-Dove;Streptopelia decaocto;Discard up to 5 [wild] from your supply. For each, tuck 1 [card] from the deck behind this bird.;Hävitä jopa 5 [valinnaista] varastostasi. Työnnä jokaista kohden 1 [kortti] pakasta tämän linnun taakse.
Eurasian Golden Oriole;Oriolus oriolus;"When another player takes the ""gain food"" action, gain 1 [invertebrate] or [fruit] from the birdfeeder at the end of their turn.";"Kun toinen pelaaja ottaa ""hanki ruokaa"" -toiminnon, saa 1 [ötökkä] tai [hedelmä] linnunruokintalaitteesta vuoronsa lopussa."
Eurasian Green Woodpecker;Picus viridis;This bird counts double toward the end-of-round goal, if it qualifies for the goal.;Tämä lintu lasketaan kaksinkertaisesti kierroksen lopun maaliin, jos se pätee maaliin.
Eurasian Hobby;Falco subbuteo;Instead of paying any costs, you may play this bird on top of another bird on your player mat. Discard any eggs and food from that bird. It becomes a tucked card.;Sen sijaan, että maksat mitään, voit pelata tätä lintua toisen linnun päällä pelaajamatollasi. Hävitä linnun munat ja ruoka. Siitä tulee piilotettu kortti.
Eurasian Jay;Garrulus glandarius;Steal 1 [seed] from another player's supply and cache it on this bird. They gain 1 [die] from the birdfeeder.;Varasta 1 [siemen] toisen pelaajan varastosta ja tallenna se tälle linnulle. He saavat 1 [nopan] lintujen ruokintakoneesta.
Eurasian Magpie;Pica pica;Choose 1 other player. For each action cube on their [grassland], cache 1 [wild] from the supply on any of your birds.;Valitse 1 muu pelaaja. Säilytä 1 [valinnainen] kutakin [pellolla] olevaa toimintakuutiota kohden minkä tahansa linnusi päällä.
Eurasian Nutcracker;Nucifraga caryocatactes;Choose 1-5 birds in your [forest]. Cache 1 [seed] from your supply on each.;Valitse [metsästäsi] 1-5 lintua. Tallenna 1 [siemen] varastostasi jokaiselle.
Eurasian Nuthatch;Sitta europaea;Gain 1 [seed] from the supply and cache it on this card. At any time, you may spend [seed] cached on this card.;Hanki 1 [siemen] tarjonnasta ja tallenna se tälle kortille. Voit milloin tahansa kuluttaa [seed] tämän kortin päältä.
Eurasian Sparrowhawk;Accipiter nisus;For each [rodent] in this bird's cost, you may pay 1 [card] from your hand instead. If you do, tuck the paid [card] behind this card.;Jokaista tämän linnun hinnassa olevaa [jyrsijää] kohden voit sen sijaan maksaa 1 [kortin] kädestäsi. Jos teet niin, työnnä maksettu [kortti] tämän kortin taakse.
Eurasian Tree Sparrow;Passer montanus;"When another player takes the ""gain food"" action, gain 1 [seed] from the birdfeeder at the end of their turn.";"Kun toinen pelaaja ottaa ""hanki ruokaa"" -toiminnon, saa 1 [siemen] lintujenruokintakoneesta vuoronsa lopussa."
European Bee-Eater;Merops apiaster;Reset the birdfeeder. If you do, gain 1 [invertebrate] from the birdfeeder after resetting.;Nollaa lintujen syöttölaite. Jos teet niin, hanki 1 [ötökkä] lintujenruokintalaitteesta nollauksen jälkeen.
European Goldfinch;Carduelis carduelis;When another player tucks a [card] for any reason, tuck 1 [card] from the deck behind this bird.;Kun toinen pelaaja työntää [kortin] mistä tahansa syystä, työnnä 1 [kortti] pakkasta tämän linnun taakse.
European Honey Buzzard;Pernis apivorus;Reset the birdfeeder. If you do, gain all [invertebrate] in the birdfeeder after resetting.;Nollaa lintujen syöttölaite. Jos teet niin, ota kaikki [ötökkä] lintusyöttölaitteeseen nollauksen jälkeen.
European Robin;Erithacus rubecula;From the supply, gain 1 food of a type you already gained this turn.;Hanki tarjonnasta 1 ruoka, jonka tyyppiä olet jo saanut tällä vuorollaan.
European Roller;Coracias garrulus;Place this bird sideways, so that it covers 2 [grassland] spaces. Pay the lower egg cost.;Aseta tämä lintu sivuttain niin, että se peittää 2 [pelto]-tilaa. Maksa alhaisemmat munakustannukset.
European Turtle Dove;Streptopelia turtur;Draw 1 new bonus card. Then gain 1 [die] from the birdfeeder, lay 1 [egg] on any bird, or draw 1 [card].;Nosta 1 uusi bonuskortti. Ansaitse sitten 1 [noppa] lintujenruokintalaitteesta, muni 1 [muna] mille tahansa linnulle tai vedä 1 [kortti].
Ferruginous Hawk;Buteo regalis;Roll all dice not in birdfeeder. If any are [rodent], cache 1 [rodent] from the supply on this bird.;Pyöritä kaikkia noppia, jotka eivät ole linnunsyöttölaitteessa. Jos joku on [jyrsijä], tallenna 1 [jyrsijä] tämän linnun päälle.
Fish Crow;Corvus ossifragus;Discard 1 [egg] from any of your other birds to gain 1 [wild] from the supply.;Hävitä 1 [muna] mistä tahansa muista linnuistasi saadaksesi 1 [valinnainen] tarjonnasta.
Forster's Tern;Sterna forsteri;Draw 1 [card]. If you do, discard 1 [card] from your hand at the end of your turn.;Nosta 1 [kortti]. Jos teet niin, hävitä 1 [kortti] kädestäsi vuorosi lopussa.
Franklin's Gull;Leucophaeus pipixcan;Discard 1 [egg] to draw 2 [card].;Hävitä 1 [muna] ja nosta 2 [kortti].
Galah;Eolophus roseicapilla;Choose 1 other player. They reset the birdfeeder and gain a [seed], if there is one. You tuck 2 [card] from the deck behind this bird.;Valitse 1 muu pelaaja. He nollaavat lintujensyöttimen ja saavat [siemenen], jos sellainen on. Työnnät 2 [korttia] pakasta tämän linnun taakse.
Goldcrest;Regulus regulus;Discard 1 [card] from your hand. If you do, play another bird in your [forest]. Pay its normal food and egg cost.;Hävitä 1 [kortti] kädestäsi. Jos teet niin, pelaa toinen lintu [metsääsi]. Maksa normaalit ruoka- ja munakustannukset.
Golden Eagle;Aquila chrysaetos;Look at a [card] from the deck. If less than 100cm, tuck it behind this bird. If not, discard it.;Katso [korttia] pakasta. Jos siipiväli on alle 100 cm, työnnä se tämän linnun taakse. Jos ei, hävitä se.
Golden-Headed Cisticola;Cisticola exilis;Play another bird in your [grassland]. Pay its normal cost with a 1 [egg] discount.;Pelaa toinen lintu [pellollesi]. Maksa sen normaali hinta 1 [munan] alennuksella.
Gould's Finch;Erythrura gouldiae;"Play a bird. Pay its normal food and egg cost. If it has a ""when played"" or ""game end"" power, you may use it.";"Pelaa lintu. Maksa normaalit ruoka- ja munakustannukset. Jos sillä on ""kun pelataan"" tai ""pelin loppu"" -teho, voit käyttää sitä."
Grasshopper Sparrow;Ammodramus savannarum;Lay 1 [egg] on any bird.;Muni 1 [muna] mille tahansa linnulle.
Gray Catbird;Dumetella carolinensis;Repeat a brown power on another bird in this habitat.;Toista ruskea voima toisella linnulla tässä elinympäristössä.
Great Blue Heron;Ardea herodias;Play an additional bird in your [wetland]. Pay its normal cost.;Pelaa ylimääräinen lintu [kosteikollasi]. Maksa sen normaali hinta.
Great Crested Flycatcher;Myiarchus crinitus;Gain 1 [invertebrate] from the birdfeeder, if available.;Hanki 1 [ötökkä] lintujenruokintalaitteesta, jos saatavilla.
Great Crested Grebe;Podiceps cristatus;Draw 1 [card] for each empty card slot in this row. At the end of your turn, keep 1 and discard the rest.;Nosta 1 [kortti] jokaista tämän rivin tyhjää korttipaikkaa kohti. Pidä vuorosi lopussa 1 ja hylkää loput.
Great Egret;Ardea alba;Play an additional bird in your [wetland]. Pay its normal cost.;Pelaa ylimääräinen lintu [kosteikollasi]. Maksa sen normaali hinta.
Great Horned Owl;Bubo virginianus;Look at a [card] from the deck. If less than 100cm, tuck it behind this bird. If not, discard it.;Katso [korttia] pakasta. Jos siipiväli on alle 100 cm, työnnä se tämän linnun taakse. Jos ei, hävitä se.
Great Tit;Parus major;Reset the birdfeeder. If you do, gain 1 [die] from the birdfeeder after resetting.;Nollaa lintujen syöttölaite. Jos teet niin, saat 1 [nopan] lintujensyöttimestä nollauksen jälkeen.
Greater Flamingo;Phoenicopterus roseus;Choose 1 other player. For each action cube on their [wetland], tuck 1 [card] from your hand behind this bird, then draw an equal number of [card].;Valitse 1 muu pelaaja. Työnnä jokaista [kosteikolla] olevaa toimintakuutiota kohden 1 [kortti] kädestäsi tämän linnun taakse ja nosta sitten yhtä monta [korttia].
Greater Prairie-Chicken;Tympanuchus cupido;Draw 2 new bonus cards and keep 1.;Nosta 2 uutta bonuskorttia ja pidä 1.
Greater Roadrunner;Geococcyx californianus;Look at a [card] from the deck. If less than 50cm, tuck it behind this bird. If not, discard it.;Katso [korttia] pakasta. Jos siipiväli on alle 50 cm, työnnä se tämän linnun taakse. Jos ei, hävitä se.
Green Heron;Butorides virescens;Trade 1 [wild] for any other type from the supply.;Vaihda 1 [valinnainen] mihin tahansa muuhun tarjonnasta.
Green Pygmy-Goose;Nettapus pulchellus;Draw 2 [card] from the deck. Keep 1 and give the other to another player.;Nosta 2 [korttia] pakasta. Pidä 1 ja anna toinen toiselle pelaajalle.
Grey Butcherbird;Cracticus torquatus;Look at a [card] from the deck. If its wingspan is less than 40cm, tuck it behind this bird and cache 1 [rodent] from the supply on this bird. If not, discard it.;Katso [korttia] pakasta. Jos sen siipien kärkiväli on alle 40 cm, työnnä se tämän linnun taakse ja säilytä 1 [jyrsijä] tämän linnun varastoon. Jos ei, hävitä se.
Grey Heron;Ardea cinerea;Place this bird sideways, so that it covers 2 [wetland] spaces. Pay the lower egg cost.;Aseta tämä lintu sivuttain niin, että se peittää 2 [kosteikko]-tilaa. Maksa alhaisemmat munakustannukset.
Grey Shrikethrush;Colluricincla harmonica;Reset the birdfeeder and gain all [rodent], if there are any. You may cache any or all of them on this bird.;Nollaa lintujensyöttölaite ja ota kaikki [jyrsijät], jos niitä on. Voit tallentaa minkä tahansa tai kaikki niistä tälle linnulle.
Grey Teal;Anas gracilis;Look at 3 [card] from the deck. Keep 1 [wetland] bird, if there is one. You may add it to your hand or tuck it behind this bird. Discard the other cards.;Katso 3 [korttia] pakasta. Pidä yksi [kosteikko] lintu, jos sellainen on. Voit lisätä sen käteesi tai työntää sen tämän linnun taakse. Hävitä muut kortit.
Grey Warbler;Gerygone igata;Play another bird in your [forest]. Pay its normal cost with a 1 [egg] discount.;Pelaa toinen lintu [metsääsi]. Maksa sen normaali hinta 1 [munan] alennuksella.
Grey-Headed Mannikin;Lonchura caniceps;"Play a bird. Pay its normal food cost, but ignore 1 [egg] in its egg cost. If it has a ""when played"" or ""game end"" power, you may use it.";"Pelaa lintu. Maksa normaalit ruokakulut, mutta jätä yksi [muna] huomioimatta munan hinnassa. Jos sillä on ""kun pelataan"" tai ""pelin loppu"" -teho, voit käyttää sitä."
Greylag Goose;Anser anser;This bird counts double toward the end-of-round goal, if it qualifies for the goal.;Tämä lintu lasketaan kaksinkertaisesti kierroksen lopun maaliin, jos se pätee maaliin.
Griffon Vulture;Gyps fulvus;Choose any 1 player (including yourself). Cache 1 [rodent] from the supply on this bird for each [predator] that player has.;Valitse yksi pelaaja (mukaan lukien itsesi). Tallenna tämän linnun varastoon 1 [jyrsijä] jokaista pelaajalla olevaa [petoeläintä] kohti.
Hawfinch;Coccothraustes coccothraustes;Reset the birdfeeder. If you do, gain 1 [seed] from the birdfeeder after resetting.;Nollaa lintujen syöttölaite. Jos teet niin, ota 1 [siemen] lintusyöttölaitteesta nollauksen jälkeen.
Hermit Thrush;Catharus guttatus;Player(s) with the fewest birds in their [forest] gain 1 [die] from birdfeeder.;Pelaajat, joilla on vähiten lintuja [metsässään], saavat 1 [nopan] linnunruokintasta.
Hooded Crow;Corvus cornix;Choose 1 other player. For each action cube on their [grassland], tuck 1 [card] from your hand behind this bird, then draw an equal number of [card].;Valitse 1 muu pelaaja. Työnnä 1 [kortti] kädestäsi tämän linnun taakse kutakin [pellolla] olevaa toimintakuutiota kohden ja vedä sitten yhtä monta [korttia].
Hooded Merganser;Lophodytes cucullatus;Repeat 1 [predator] power in this habitat.;Toista 1 [petoeläin] voima tässä elinympäristössä.
Hooded Warbler;Setophaga citrina;;-
Horned Lark;Eremophila alpestris;When another player plays a bird in their [grassland], tuck 1 [card] from your hand behind this bird.;Kun toinen pelaaja pelaa lintua omalla [pellollaan], työnnä 1 [kortti] kädestäsi tämän linnun taakse.
Horsfield's Bronze-Cuckoo;Chrysococcyx basalis;"When another player takes the ""lay eggs"" action, lay 1 [egg] on a bird with a wingspan less than 30cm.";"Kun toinen pelaaja tekee ""muninta"" -toiminnon, muni 1 [muna] linnulle, jonka siipien kärkiväli on alle 30 cm."
Horsfield's Bushlark;Mirafra javanica;Discard 1 [seed]. If you do, lay up to 2 [egg] on this bird.;Hävitä 1 [siemen]. Jos teet niin, muni enintään 2 [munaa] tälle linnulle.
House Finch;Haemorhous mexicanus;Tuck 1 [card] from your hand behind this bird. If you do, draw 1 [card].;Työnnä 1 [kortti] kädestäsi tämän linnun taakse. Jos teet niin, nosta 1 [kortti].
House Sparrow;Passer domesticus;Discard up to 5 [seed] from your supply. For each, tuck 1 [card] from the deck behind this bird.;Hävitä enintään 5 [siementä] varastostasi. Työnnä jokaista kohden 1 [kortti] pakasta tämän linnun taakse.
House Wren;Troglodytes aedon;Play an additional bird in this bird's habitat. Pay its normal cost.;Pelaa ylimääräinen lintu tämän linnun elinympäristöön. Maksa sen normaali hinta.
Inca Dove;Columbina inca;Lay 1 [egg] on each of your birds with a [platform] nest.;Muni 1 [muna] jokaiselle linnullesi [risu]pesällä.
Indian Peafowl;Pavo cristatus;All players draw 2 [card] from the deck. You draw 1 additional [card].;Kaikki pelaajat nostavat 2 [korttia] pakasta. Nostat vielä 1 [kortin].
Indigo Bunting;Passerina cyanea;Gain 1 [invertebrate] or [fruit] from the birdfeeder, if available.;Hanki 1 [ötökkä] tai [hedelmä] lintujen ruokintakoneesta, jos saatavilla.
Juniper Titmouse;Baeolophus ridgwayi;Cache 1 [seed] from the supply on this bird.;Tallenna 1 [siemen] tämän linnun päälle.
K?k?p??;Strigops habroptila;Draw 4 bonus cards, keep 1, and discard the other 3.;Nosta 4 bonuskorttia, pidä yksi ja hylkää muut 3.
Kea;Nestor notabilis;Draw 1 bonus card. You may discard any number of [wild] to draw that many additional bonus cards. Keep 1 of the cards you drew and discard the rest.;Nosta 1 bonuskortti. Voit hylätä minkä tahansa määrän [valinnaisia] nostaaksesi niin monta lisäbonuskorttia. Pidä yksi nostamistasi korteista ja hävitä loput.
Kelp Gull;Larus dominicanus;Discard any number of [wild] to draw that many [card].;Hylkää mikä tahansa määrä [valinnaisia] nostaaksesi niin monta [korttia].
Kerer?;Hemiphaga novaeseelandiae;If the player to your left has a [nectar] in their personal supply, gain 1 [nectar] from the general supply.;Jos vasemmalla olevalla pelaajalla on [nektari] henkilökohtaisessa varustessaan, hanki 1 [nektari] yleisestä varusteesta.
Killdeer;Charadrius vociferus;Discard 1 [egg] to draw 2 [card].;Hävitä 1 [muna] ja nosta 2 [kortti].
King Rail;Rallus elegans;Draw 2 new bonus cards and keep 1.;Nosta 2 uutta bonuskorttia ja pidä 1.
Korimako;Anthornis melanura;Discard any number of [rodent] to gain that many [nectar] from the supply.;Hävitä mikä tahansa määrä [jyrsijöitä] saadaksesi niin monta [nektaria].
Laughing Kookaburra;Dacelo novaeguineae;Reset the birdfeeder. If you do, gain 1 [invertebrate], [fish], or [rodent], if there is one.;Nollaa lintujen syöttölaite. Jos teet niin, hanki yksi [ötökkä], [kala] tai [jyrsijä], jos sellainen on.
Lazuli Bunting;Passerina amoena;All players lay 1 [egg] on any 1 [bowl] bird. You may lay 1 [egg] on 1 additional [bowl] bird.;Kaikki pelaajat munivat 1 [munan] mille tahansa [kulho]pesäiselle linnulle. Voit munia 1 [munan] 1 ylimääräiselle [kulho] linnulle.
Lesser Frigatebird;Fregata ariel;All players may discard 1 [egg] from a [wetland] bird. Each player that discards an [egg] gains 1 [wild] from the supply.;Kaikki pelaajat voivat hylätä 1 [munan] [kosteikolla] linnulta. Jokainen pelaaja, joka hylkää [munan], saa 1 [valinnaisen] tarjonnasta.
Lesser Whitethroat;Sylvia curruca;Choose a habitat with no [egg]. Lay 1 [egg] on each bird in that habitat.;Valitse elinympäristö, jossa ei ole [munaa]. Muni 1 [muna] jokaiselle kyseisessä elinympäristössä olevalle linnulle.
Lewin's Honeyeater;Meliphaga lewinii;Choose 1 other player. You both gain 1 [nectar] from the supply.;Valitse 1 muu pelaaja. Saatte molemmat 1 [nektarin] tarjonnasta.
Lincoln's Sparrow;Melospiza lincolnii;If this bird is to the right of all other birds in its habitat, move it to another habitat.;Jos tämä lintu on kaikkien muiden lintujen oikealla puolella sen elinympäristössä, siirrä se toiseen elinympäristöön.
Little Bustard;Tetrax tetrax;Draw 1 new bonus card. Then gain 1 [card] or lay 1 [egg] on any bird.;Nosta 1 uusi bonuskortti. Hanki sitten 1 [kortti] tai muni 1 [muna] mille tahansa linnulle.
Little Owl;Athene noctua;Steal 1 [rodent] from another player's supply and cache it on this bird. They gain 1 [die] from the birdfeeder.;Varasta 1 [jyrsijä] toisen pelaajan varastosta ja tallenna se tälle linnulle. He saavat 1 [nopan] lintujen ruokintakoneesta.
Little Penguin;Eudyptula minor;Draw and discard 5 [card] from the deck. For each [fish] in their food costs, cache 1 [fish] from the supply on this bird.;Nosta ja hävitä 5 [korttia] pakasta. Varaa kutakin ruokamaksua, joka on [kala], kohden tämän linnun päälle 1 [kala].
Little Pied Cormorant;Microcarbo melanoleucos;Lay 1 [egg] on each of your birds with a [platform] nest, including this one.;Muni 1 [muna] jokaiselle linnullesi, jolla on [risu]pesä, mukaan lukien tämä.
Loggerhead Shrike;Lanius ludovicianus;"When another player takes the ""gain food"" action, if they gain any number of [rodent], cache 1 [rodent] from the supply on this bird.";"Kun toinen pelaaja tekee ""hanki ruokaa"" -toiminnon, jos hän saa minkä tahansa määrän [jyrsijöitä], tallenna 1 [jyrsijä] tämän linnun päälle."
Long-Tailed Tit;Aegithalos caudatus;Place this bird sideways, so that it covers 2 [forest] spaces. Pay the lower egg cost.;Aseta tämä lintu sivuttain niin, että se peittää 2 [metsä] tilaa. Maksa alhaisemmat munakustannukset.
Magpie-Lark;Grallina cyanoleuca;"Discard 2 [egg] from your [forest]. If you do, play 1 bird in your [grassland] at its normal food cost (ignore its egg cost). If it has a ""when played"" or ""game end"" power, you may use it.";"Hävitä 2 [munaa] [metsästäsi]. Jos teet niin, pelaa 1 lintu [pellollesi] sen normaalilla ruokahinnalla (jätä huomioimatta sen munahinta). Jos sillä on ""kun pelataan"" tai ""pelin loppu"" -teho, voit käyttää sitä."
Major Mitchell's Cockatoo;Lophochroa leadbeateri;Tuck 1 [card] from your hand behind this bird. If you do, all players gain 1 [seed] from the supply.;Työnnä 1 [kortti] kädestäsi tämän linnun taakse. Jos teet niin, kaikki pelaajat saavat 1 [siemen] tarjonnasta.
Mallard;Anas platyrhynchos;Draw 1 [card].;Nosta 1 [kortti].
Malleefowl;Leipoa ocellata;Lay 1 [egg] on each of your birds with a [ground] nest, including this one.;Muni 1 [muna] jokaiselle linnullesi, jolla on [maa]pesä, mukaan lukien tämä.
Maned Duck;Chenonetta jubata;Tuck up to 3 [card] from your hand behind this bird. If you tuck at least 1 [card], gain 1 [seed] from the supply.;Työnnä jopa 3 [korttia] kädestäsi tämän linnun taakse. Jos työnnät vähintään 1 [kortin], saat 1 [siemen] tarjonnasta.
Many-Colored Fruit-Dove;Ptilinopus perousii;All players gain 1 [fruit] from the supply. You gain 1 additional [fruit] from the supply.;Kaikki pelaajat saavat 1 [hedelmä] tarjonnasta. Saat 1 ylimääräisen [hedelmän] tarjonnasta.
Masked Lapwing;Vanellus miles;Reset the birdfeeder, then, for each type of food in the birdfeeder, gain 1 of that type.;Nollaa lintujenruokinta ja sitten kutakin linnunruokintalaitteessa olevaa ruokaa kohden ota 1 kyseistä tyyppiä.
Mississippi Kite;Ictinia mississippiensis;Roll all dice not in birdfeeder. If any are [rodent], cache 1 [rodent] from the supply on this bird.;Pyöritä kaikkia noppia, jotka eivät ole linnunsyöttölaitteessa. Jos joku on [jyrsijä], tallenna 1 [jyrsijä] tämän linnun päälle.
Mistletoebird;Dicaeum hirundinaceum;Gain 1 [fruit] from the supply, or discard 1 [fruit] to gain 1 [nectar] from the supply.;Hanki 1 [hedelmä] tarjonnasta tai hävitä 1 [hedelmä] saadaksesi 1 [nektari] tarjonnasta.
Moltoni's Warbler;Sylvia subalpina;If you used all 4 types of actions this round, play another bird. Pay its normal food and egg cost.;Jos käytit kaikkia neljää toimintatyyppiä tällä kierroksella, pelaa toinen lintu. Maksa normaalit ruoka- ja munakustannukset.
Montagu's Harrier;Circus pygargus;Instead of paying any costs, you may play this bird on top of another bird on your player mat. Discard any eggs and food from that bird. It becomes a tucked card.;Sen sijaan, että maksat mitään, voit pelata tämän linnun toisen linnun päälle pelaajamatollasi. Hävitä linnun munat ja ruoka. Siitä tulee piilotettu kortti.
Mountain Bluebird;Sialia currucoides;Play an additional bird in your [grassland]. Pay its normal cost.;Pelaa ylimääräinen lintu [pellollesi]. Maksa sen normaali hinta.
Mountain Chickadee;Poecile gambeli;Cache 1 [seed] from the supply on this bird.;Tallenna 1 [siemen] tämän linnun päälle.
Mourning Dove;Zenaida macroura;Lay 1 [egg] on this bird.;Muni 1 [muna] tälle linnulle.
Musk Duck;Biziura lobata;Draw 1 face-up [card] from the tray with a [ground] or [star] nest. You may reset or refill the tray before doing so.;Nosta 1 kuvapuoli ylöspäin [kortti] alustalta, jossa on [maa]- tai [tähti]-pesä. Voit nollata tai täyttää lokeron ennen kuin teet niin.
Mute Swan;Cygnus olor;Choose 1-3 birds in your [wetland]. Tuck 1 [card] from your hand behind each. If you tuck at least 1 card, draw 1 [card].;Valitse [kosteikollasi] 1-3 lintua. Työnnä 1 [kortti] kädestäsi jokaisen taakse. Jos työnnät vähintään yhden kortin, nosta 1 [kortti].
New Holland Honeyeater;Phylidonyris novaehollandiae;Gain 1 [nectar] from the birdfeeder, if there is one.;Hanki 1 [nektari] lintujenruokintalaitteesta, jos sellainen on.
Noisy Miner;Manorina melanocephala;Tuck 1 [card] from your hand behind this bird. If you do, lay up to 2 [egg] on this bird. All other players may lay 1 [egg].;Työnnä 1 [kortti] kädestäsi tämän linnun taakse. Jos teet niin, muni enintään 2 [munaa] tälle linnulle. Kaikki muut pelaajat voivat munia 1 [munan].
North Island Brown Kiwi;Apteryx mantelli;Discard a bonus card. If you do, draw 4 bonus cards, keep 2, and discard the other 2.;Hylkää bonuskortti. Jos teet niin, nosta 4 bonuskorttia, pidä 2 ja hylkää muut 2.
Northern Bobwhite;Colinus virginianus;Lay 1 [egg] on this bird.;Muni 1 [muna] tälle linnulle.
Northern Cardinal;Cardinalis cardinalis;Gain 1 [fruit] from the supply.;Hanki 1 [hedelmä] tarjonnasta.
Northern Flicker;Colaptes auratus;Gain all [invertebrate] that are in the birdfeeder.;Hanki kaikki [ötökät], jotka ovat lintujen ruokintalaitteessa.
Northern Gannet;Morus bassanus;Roll all dice not in birdfeeder. If any are a [fish], gain that many [fish] from the supply and cache them on this bird.;Pyöritä kaikkia noppia, jtoka eivät ole linnunsyöttölaitteessa. Jos joku on [kala], hanki niin monta [kalaa] tarjonnasta ja tallenna ne tälle linnulle.
Northern Goshawk;Accipiter gentilis;For each [rodent] in this bird's cost, you may pay 1 [card] from your hand instead. If you do, tuck the paid [card] behind this card.;Jokaista tämän linnun hinnassa olevaa [jyrsijää] kohden voit sen sijaan maksaa 1 [kortin] kädestäsi. Jos teet niin, työnnä maksettu [kortti] tämän kortin taakse.
Northern Harrier;Circus hudsonius;Look at a [card] from the deck. If less than 75cm, tuck it behind this bird. If not, discard it.;Katso [korttia] pakasta. Jos siipiväli on alle 75 cm, työnnä se tämän linnun taakse. Jos ei, hävitä se.
Northern Mockingbird;Mimus polyglottos;Repeat a brown power on another bird in this habitat.;Toista ruskea voima toiselle linnulle tässä elinympäristössä.
Northern Shoveler;Spatula clypeata;All players draw 1 [card] from the deck.;Kaikki pelaajat nostavat 1 [kortin] pakasta.
Orange-Footed Scrubfowl;Megapodius reinwardt;Lay 1 [egg] on each of your birds with a [ground] nest, including this one.;Muni 1 [muna] jokaiselle linnullesi, jolla on [maa]pesä, mukaan lukien tämä.
Osprey;Pandion haliaetus;All players gain 1 [fish] from the supply.;Kaikki pelaajat saavat 1 [kala] tarjonnasta.
Pacific Black Duck;Anas superciliosa;For every 2 [egg] in your [wetland], lay 1 [egg] on this bird.;Jokaista [kosteikollasi] olevaa [munaa] kohden muni 1 [muna] tälle linnulle.
Painted Bunting;Passerina ciris;Draw 2 new bonus cards and keep 1.;Nosta 2 uutta bonuskorttia ja pidä 1.
Painted Whitestart;Myioborus pictus;Gain 1 [invertebrate] from the supply.;Hanki 1 [ötökkä] tarjonnasta.
Parrot Crossbill;Loxia pytyopsittacus;Remove any 1 [die] from the birdfeeder, then gain 1 [seed] from the supply.;Poista 1 [noppa] linnunruokintalaitteesta ja hanki sitten 1 [siemen] tarjonnasta.
Peaceful Dove;Geopelia placida;Discard any number of [seed]. Lay 1 [egg] on this bird for each discarded [seed].;Hävitä mikä tahansa määrä [siemeniä]. Muni 1 [muna] tälle linnulle jokaista hylättyä [siementä] kohden.
Peregrine Falcon;Falco peregrinus;Look at a [card] from the deck. If less than 100cm, tuck it behind this bird. If not, discard it.;Katso [korttia] pakasta. Jos siipiväli on alle 100 cm, työnnä se tämän linnun taakse. Jos ei, hävitä se.
Pesquet's Parrot;Psittrichas fulgidus;If the player to your right has a [nectar] in their personal supply, gain 1 [nectar] from the general supply.;Jos oikeallasi olevalla pelaajalla on [nektari] henkilökohtaisessa varustessaan, hanki 1 [nektari] yleisestä varusteesta.
Pheasant Coucal;Centropus phasianinus;"When another player takes the ""lay eggs"" action, lay 1 [egg] on this bird.";"Kun toinen pelaaja tekee ""muninta"", muni 1 [muna] tälle linnulle."
Pied-Billed Grebe;Podilymbus podiceps;Draw 2 [card]. If you do, discard 1 [card] from your hand at the end of your turn.;Nosta 2 [kortti]. Jos teet niin, hävitä 1 [kortti] kädestäsi vuorosi lopussa.
Pileated Woodpecker;Dryocopus pileatus;All players lay 1 [egg] on any 1 [cavity] bird. You may lay 1 [egg] on 1 additional [cavity] bird.;Kaikki pelaajat munivat 1 [munan] minkä tahansa 1 [kolo]pesä linnun päälle. Voit munia 1 [munan] 1 ylimääräiselle [kolo] linnulle.
Pine Siskin;Spinus pinus;Tuck 1 [card] from your hand behind this bird. If you do, gain 1 [seed] from the supply.;Työnnä 1 [kortti] kädestäsi tämän linnun taakse. Jos teet niin, hanki 1 [siemen] tarjonnasta.
Pink-Eared Duck;Malacorhynchus membranaceus;Draw 2 [card] from the deck. Keep 1 and give the other to another player.;Nosta 2 [korttia] pakasta. Pidä 1 ja anna toinen toiselle pelaajalle.
Plains-Wanderer;Pedionomus torquatus;Draw 1 bonus card for each bird in your [grassland]. Keep 1 and discard the rest.;Nosta 1 bonuskortti jokaista lintua kohden [pellollasi]. Säilytä 1 ja hävitä loput.
Princess Stephanie's Astrapia;Astrapia stephaniae;Choose 1 other player. You both lay 1 [egg].;Valitse 1 muu pelaaja. Te molemmat munitte 1 [munan].
Prothonotary Warbler;Protonotaria citrea;;-
P?keko;Porphyrio melanotus;Lay 1 [egg] on an adjacent bird.;Muni 1 [muna] viereiselle linnulle.
Purple Gallinule;Porphyrio martinicus;All players draw 1 [card] from the deck.;Kaikki pelaajat nostavat 1 [kortin] pakasta.
Purple Martin;Progne subis;Tuck 1 [card] from your hand behind this bird. If you do, draw 1 [card].;Työnnä 1 [kortti] kädestäsi tämän linnun taakse. Jos teet niin, nosta 1 [kortti].
Pygmy Nuthatch;Sitta pygmaea;Tuck 1 [card] from your hand behind this bird. If you do, gain 1 [invertebrate] or [seed] from the supply.;Työnnä 1 [kortti] kädestäsi tämän linnun taakse. Jos teet niin, hanki 1 [ötökkä] tai [siemen] tarjonnasta.
Rainbow Lorikeet;Trichoglossus moluccanus;"Discard 1 [nectar] to the ""spent nectar"" space for your [forest]. If you do, gain 2 [die] from the birdfeeder.";"Hävitä 1 [nektari] [metsäsi] ""käytetty nektari"" -tilaan. Jos teet niin, saat 2 [kuolemaa] lintujen ruokintalaitteesta."
Red Crossbill;Loxia curvirostra;All players gain 1 [seed] from the supply.;Kaikki pelaajat saavat 1 [siemen] tarjonnasta.
Red Kite;Milvus milvus;Instead of paying any costs, you may play this bird on top of another bird on your player mat. Discard any eggs and food from that bird. It becomes a tucked card.;Sen sijaan, että maksat mitään, voit pelata tätä lintua toisen linnun päällä pelaajamatollasi. Hävitä linnun munat ja ruoka. Siitä tulee piilotettu kortti.
Red Knot;Calidris canutus;Draw 1 new bonus card. Then draw 3 [card] and keep 1 of them.;Nosta 1 uusi bonuskortti. Nosta sitten 3 [korttia] ja pidä niistä yksi.
Red Wattlebird;Anthochaera carunculata;Gain 1 [nectar] from the supply for each bird with a wingspan less than 49cm in your [forest].;Ansaitse 1 [nektari] jokaisesta [metsässäsi] olevasta linnusta, jonka siipien kärkiväli on alle 49 cm.
Red-Backed Fairywren;Malurus melanocephalus;Lay 1 [egg] on each of your birds with a [star] nest, including this one.;Muni 1 [muna] jokaiselle linnullesi, jolla on [tähti]pesä, mukaan lukien tämä.
Red-Backed Shrike;Lanius collurio;Steal 1 [invertebrate] from another player's supply and cache it on this bird. They gain 1 [die] from the birdfeeder.;Varasta 1 [ötökkä] toisen pelaajan varastosta ja tallenna se tälle linnulle. He saavat 1 [nopan] lintujen ruokintakoneesta.
Red-Bellied Woodpecker;Melanerpes carolinus;Gain 1 [seed] from the birdfeeder, if available. You may cache it on this bird.;Hanki 1 [siemen] lintujenruokintalaitteesta, jos saatavilla. Voit tallentaa sen tälle linnulle.
Red-Breasted Merganser;Mergus serrator;Draw 2 [card]. If you do, discard 1 [card] from your hand at the end of your turn.;Nosta 2 [kortti]. Jos teet niin, hävitä 1 [kortti] kädestäsi vuorosi lopussa.
Red-Breasted Nuthatch;Sitta canadensis;Cache 1 [seed] from the supply on this bird.;Tallenna 1 [siemen] tämän linnun päälle.
Red-Capped Robin;Petroica goodenovii;If the player to your left has an [invertebrate] in their personal supply, gain 1 [invertebrate] from the general supply.;Jos vasemmalla olevalla pelaajalla on [ötökkä] henkilökohtaisessa varastossaan, hanki 1 [ötökkä] yleisestä varastosta.
Red-Cockaded Woodpecker;Picoides borealis;Draw 2 new bonus cards and keep 1.;Nosta 2 uutta bonuskorttia ja pidä 1.
Red-Eyed Vireo;Vireo olivaceus;Play an additional bird in your [forest]. Pay its normal cost.;Pelaa ylimääräinen lintu [metsääsi]. Maksa sen normaali hinta.
Red-Headed Woodpecker;Melanerpes erythrocephalus;Gain 1 [seed] from the birdfeeder, if available. You may cache it on this bird.;Hanki 1 [siemen] lintujenruokintalaitteesta, jos saatavilla. Voit tallentaa sen tälle linnulle.
Red-Legged Partridge;Alectoris rufa;Lay 1 [egg] on each bird in this column, including this one.;Muni 1 [muna] jokaiselle tämän sarakkeen linnulle, mukaan lukien tämä.
Red-Necked Avocet;Recurvirostra novaehollandiae;If the player to your left or right has an [invertebrate] in their personal supply, gain 1 [invertebrate] from the general supply.;Jos vasemmalla tai oikealla olevalla pelaajalla on [ötökkä] henkilökohtaisessa varastossaan, hanki 1 [ötökkä] yleisestä varastosta.
Red-Shouldered Hawk;Buteo lineatus;Look at a [card] from the deck. If less than 75cm, tuck it behind this bird. If not, discard it.;Katso [korttia] pakasta. Jos siipiväli on alle 75 cm, työnnä se tämän linnun taakse. Jos ei, hävitä se.
Red-Tailed Hawk;Buteo jamaicensis;Look at a [card] from the deck. If less than 75cm, tuck it behind this bird. If not, discard it.;Katso [korttia] pakasta. Jos siipiväli on alle 75 cm, työnnä se tämän linnun taakse. Jos ei, hävitä se.
Red-Winged Blackbird;Agelaius phoeniceus;Tuck 1 [card] from your hand behind this bird. If you do, you may also lay 1 [egg] on this bird.;Työnnä 1 [kortti] kädestäsi tämän linnun taakse. Jos teet niin, voit myös munia 1 [munan] tälle linnulle.
Red-Winged Parrot;Aprosmictus erythropterus;Give 1 [nectar] from your supply to another player. If you do, lay 2 [egg] on this bird or gain 2 [die] from the birdfeeder.;Anna 1 [nektari] varastostasi toiselle pelaajalle. Jos teet niin, muni 2 [munaa] tälle linnulle tai hanki 2 [kuolemaa] linnunruokintalaitteesta.
Regent Bowerbird;Sericulus chrysocephalus;Choose 1 other player. You both gain 1 [invertebrate] from the supply.;Valitse 1 muu pelaaja. Saatte molemmat 1 [ötökän] tarjonnasta.
Ring-Billed Gull;Larus delawarensis;Tuck 1 [card] from your hand behind this bird. If you do, draw 1 [card].;Työnnä 1 [kortti] kädestäsi tämän linnun taakse. Jos teet niin, nosta 1 [kortti].
Rose-Breasted Grosbeak;Pheucticus ludovicianus;Gain 1 [seed] or [fruit] from the birdfeeder, if available.;Hanki 1 [siemen] tai [hedelmä] lintujen ruokintakoneesta, jos saatavilla.
Roseate Spoonbill;Platalea ajaja;Draw 2 new bonus cards and keep 1.;Nosta 2 uutta bonuskorttia ja pidä 1.
Royal Spoonbill;Platalea regia;Draw 1 face-up [card] from the tray with a [platform] or [star] nest. You may reset or refill the tray before doing so.;Nosta 1 kuvapuoli ylöspäin [kortti] alustalta, jossa on [risu] tai [tähti]. Voit nollata tai täyttää lokeron ennen kuin teet niin.
Ruby-Crowned Kinglet;Regulus calendula;Play an additional bird in your [forest]. Pay its normal cost.;Pelaa ylimääräinen lintu [metsääsi]. Maksa sen normaali hinta.
Ruby-Throated Hummingbird;Archilochus colubris;Each player gains 1 [die] from the birdfeeder, starting with the player of your choice.;Jokainen pelaaja saa 1 [nopan] linnunruokintalaitteesta alkaen valitsemastasi pelaajasta.
Ruddy Duck;Oxyura jamaicensis;Draw 2 [card]. If you do, discard 1 [card] from your hand at the end of your turn.;Nosta 2 [kortti]. Jos teet niin, hävitä 1 [kortti] kädestäsi vuorosi lopussa.
Ruff;Calidris pugnax;Tuck up to 3 [card] from your hand behind this bird. Draw 1 [card] for each card you tucked.;Työnnä jopa 3 [korttia] kädestäsi tämän linnun taakse. Nosta 1 [kortti] jokaisesta nostamastasi kortista.
Rufous Night-Heron;Nycticorax caledonicus;Look at a [card] from the deck. If it can live in [wetland], tuck it behind this bird. If not, discard it.;Katso [korttia] pakasta. Jos se voi elää [kosteikolla], työnnä se tämän linnun taakse. Jos ei, hävitä se.
Rufous Owl;Ninox rufa;Draw 1 face-up [card] from the tray with a wingspan less than 75cm and tuck it behind this bird.;Vedä alustalta yksi kuvapuoli ylöspäin [kortti], jonka siipien kärkiväli on alle 75 cm, ja työnnä se tämän linnun taakse.
Rufous-Banded Honeyeater;Conopophila albogularis;Discard 1 [invertebrate]. If you do, gain 1 [nectar] from the supply.;Hävitä 1 [ötökkä]. Jos teet niin, saat 1 [nektari] tarjonnasta.
Sacred Kingfisher;Todiramphus sanctus;"When another player takes the ""gain food"" action, gain 1 [invertebrate], [fish], or [rodent] from the birdfeeder, if there is one, at the end of their turn.";"Kun toinen pelaaja tekee ""hanki ruokaa"" -toiminnon, saa vuoronsa lopussa 1 [ötökkä], [kala] tai [jyrsijä] linnunruokintalaitteesta, jos sellainen on."
Sandhill Crane;Antigone canadensis;Discard 1 [seed] to tuck 2 [card] from the deck behind this bird.;Hävitä 1 [siemen] ja työnnä 2 [korttia] pakasta tämän linnun taakse.
Savannah Sparrow;Passerculus sandwichensis;Play an additional bird in your [grassland]. Pay its normal cost.;Pelaa ylimääräinen lintu [pellollesi]. Maksa sen normaali hinta.
Savi's Warbler;Locustella luscinioides;Draw 2 [card]. All other players draw 1 [card] from the deck.;Nosta 2 [kortti]. Kaikki muut pelaajat nostavat 1 [kortin] pakasta.
Say's Phoebe;Sayornis saya;Lay 1 [egg] on each of your birds with a [bowl] nest.;Muni 1 [muna] jokaiselle linnullesi [kulho]pesällä.
Scaled Quail;Callipepla squamata;Lay 1 [egg] on this bird.;Muni 1 [muna] tälle linnulle.
Scissor-Tailed Flycatcher;Tyrannus forficatus;All players gain 1 [invertebrate] from the supply.;Kaikki pelaajat saavat 1 [ötökän] tarjouksesta.
Short-Toed Treecreeper;Certhia brachydactyla;Discard 1 [egg] from any bird. If you do, play another bird in your [forest]. Pay its normal food and egg cost.;Hävitä 1 [muna] mistä tahansa linnusta. Jos teet niin, pelaa toinen lintu [metsääsi]. Maksa normaalit ruoka- ja munakustannukset.
Silvereye;Zosterops lateralis;All players gain 1 [nectar] from the supply.;Kaikki pelaajat saavat 1 [nektarin] tarjonnasta.
Snow Bunting;Plectrophenax nivalis;When another player tucks a [card] for any reason, tuck 1 [card] from your hand behind this bird, then draw 1 [card] at the end of their turn.;Kun toinen pelaaja työntää [kortin] mistä tahansa syystä, työnnä 1 [kortti] kädestäsi tämän linnun taakse ja nosta sitten 1 [kortti] hänen vuoronsa lopussa.
Snowy Egret;Egretta thula;Roll all dice not in birdfeeder. If any are [fish], cache 1 [fish] from the supply on this bird.;Pyöritä kaikkia noppia, jotka eivät ole linnunsyöttölaitteessa. Jos ne ovat [kaloja], säilytä 1 [kala] tämän linnun päällä.
Snowy Owl;Bubo scandiacus;Draw 1 new bonus card. Then gain 1 [card] or lay 1 [egg] on any bird.;Nosta 1 uusi bonuskortti. Hanki sitten 1 [kortti] tai muni 1 [muna] mille tahansa linnulle.
Song Sparrow;Melospiza melodia;If this bird is to the right of all other birds in its habitat, move it to another habitat.;Jos tämä lintu on kaikkien muiden lintujen oikealla puolella sen elinympäristössä, siirrä se toiseen elinympäristöön.
South Island Robin;Petroica australis;If the player to your right has an [invertebrate] in their supply, cache 1 [invertebrate] from the general supply on this bird.;Jos oikealla puolellasi olevalla pelaajalla on [ötökkä], tallenna tämän linnun päälle yleisvarastosta 1 [ötökkä].
Southern Cassowary;Casuarius casuarius;Discard a bird from your [forest] and put this bird in its place (do not pay an egg cost). If you do, lay 4 [egg] on this bird and gain 2 [fruit] from the supply.;Hävitä lintu [metsästäsi] ja aseta tämä lintu paikalleen (älä maksa munamaksua). Jos teet niin, muni 4 [munaa] tälle linnulle ja hanki 2 [hedelmää] tarjonnasta.
Spangled Drongo;Dicrurus bracteatus;When another player gains [nectar], gain 1 [nectar] from the supply.;Kun toinen pelaaja saa [nektaria], saa 1 [nektari] tarjouksesta.
Splendid Fairywren;Malurus splendens;Lay 1 [egg] on each of your birds with a wingspan less than 30cm, including this one.;Muni yksi [muna] jokaiselle linnullesi, jonka siipien kärkiväli on alle 30 cm, tämä mukaan lukien.
Spotless Crake;Zapornia tabuensis;Lay 1 [egg] on each bird in your [wetland], including this one.;Muni 1 [muna] jokaiselle [kosteikollasi] olevalle linnulle, mukaan lukien tämä.
Spotted Owl;Strix occidentalis;Draw 2 new bonus cards and keep 1.;Nosta 2 uutta bonuskorttia ja pidä 1.
Spotted Sandpiper;Actitis macularius;All players draw 1 [card] from the deck.;Kaikki pelaajat nostavat 1 [kortin] pakasta.
Spotted Towhee;Pipilo maculatus;Gain 1 [seed] from the supply.;Hanki 1 [siemen] tarjonnasta.
Sprague's Pipit;Anthus spragueii;Draw 2 new bonus cards and keep 1.;Nosta 2 uutta bonuskorttia ja pidä 1.
Squacco Heron;Ardeola ralloides;Gain 1 face-up [card] that can live in [wetland].;Ansaitse yksi kuvapuoli ylöspäin [kortti], joka voi asua [kosteikolla].
Steller's Jay;Cyanocitta stelleri;Gain 1 [seed] from the birdfeeder, if available. You may cache it on this bird.;Hanki 1 [siemen] lintujenruokintalaitteesta, jos saatavilla. Voit tallentaa sen tälle linnulle.
Stubble Quail;Coturnix pectoralis;Discard up to 6 [wild]. Lay 1 [egg] on this bird for each discarded food.;Hävitä enintään 6 [valinnainen]. Muni 1 [muna] tälle linnulle jokaista poisheitettyä ruokaa kohden.
Sulphur-Crested Cockatoo;Cacatua galerita;Tuck 1 [card] from your hand behind this bird. If you do, all players gain 1 [nectar] from the supply.;Työnnä 1 [kortti] kädestäsi tämän linnun taakse. Jos teet niin, kaikki pelaajat saavat 1 [nektarin] tarjonnasta.
Superb Lyrebird;Menura novaehollandiae;Copy a brown power on one bird in the [forest] of the player to your right.;Kopioi ruskea voima yhdeltä linnulta oikealla olevan pelaajan [metsässä].
Swainson's Hawk;Buteo swainsoni;Look at a [card] from the deck. If less than 75cm, tuck it behind this bird. If not, discard it.;Katso [korttia] pakasta. Jos siipiväli on alle 75 cm, työnnä se tämän linnun taakse. Jos ei, hävitä se.
Tawny Frogmouth;Podargus strigoides;Reset the birdfeeder. Cache 1 [invertebrate] or [rodent] from the birdfeeder (if available) on this bird.;Nollaa lintujen syöttölaite. Ota lintujen ruokintalaitteesta (jos saatavilla) 1 [ötökkä] tai [jyrsijä].
Thekla's Lark;Galerida theklae;Discard 1 [seed] from your supply. If you do, lay 2 [egg] on this bird.;Hävitä 1 [siemen] varastostasi. Jos teet niin, muni 2 [munaa] tälle linnulle.
Tree Swallow;Tachycineta bicolor;Tuck 1 [card] from your hand behind this bird. If you do, draw 1 [card].;Työnnä 1 [kortti] kädestäsi tämän linnun taakse. Jos teet niin, nosta 1 [kortti].
Trumpeter Swan;Cygnus buccinator;;-
Tufted Titmouse;Baeolophus bicolor;Play an additional bird in your [forest]. Pay its normal cost.;Pelaa ylimääräinen lintu [metsääsi]. Maksa sen normaali hinta.
T??;Prosthemadera novaeseelandiae;Copy a brown power on one bird in the [forest] of the player to your left.;Kopioi ruskea voima yhdeltä linnulta vasemmalla olevan pelaajan [metsässä].
Turkey Vulture;Cathartes aura;When another player's [predator] succeeds, gain 1 [die] from the birdfeeder.;Kun toisen pelaajan [petoeläin] onnistuu, saa 1 [noppa] linnunruokintalaitteesta.
Vaux's Swift;Chaetura vauxi;Tuck 1 [card] from your hand behind this bird. If you do, gain 1 [invertebrate] from the supply.;Työnnä 1 [kortti] kädestäsi tämän linnun taakse. Jos teet niin, hanki 1 [ötökkä] tarjonnasta.
Violet-Green Swallow;Tachycineta thalassina;Tuck 1 [card] from your hand behind this bird. If you do, draw 1 [card].;Työnnä 1 [kortti] kädestäsi tämän linnun taakse. Jos teet niin, nosta 1 [kortti].
Wedge-Tailed Eagle;Aquila audax;Look at a [card] from the deck. If its wingspan is over 65cm, tuck it behind this bird and cache 1 [rodent] from the supply on this bird. If not, discard it.;Katso [korttia] pakasta. Jos sen siipien kärkiväli on yli 65 cm, työnnä se tämän linnun taakse ja säilö 1 [jyrsijä] tämän linnun päälle. Jos ei, hävitä se.
Welcome Swallow;Hirundo neoxena;Tuck 1 [card] from the deck behind each bird in this habitat, including this bird.;Työnnä 1 [kortti] pakasta jokaisen tämän elinympäristön linnun taakse, mukaan lukien tämä lintu.
Western Meadowlark;Sturnella neglecta;All players lay 1 [egg] on any 1 [ground] bird. You may lay 1 [egg] on 1 additional [ground] bird.;Kaikki pelaajat munivat 1 [munan] mille tahansa [maa] linnulle. Voit munia 1 [munan] 1 ylimääräiselle [maa] linnulle.
Western Tanager;Piranga ludoviciana;Gain 1 [invertebrate] or [fruit] from the birdfeeder, if available.;Hanki 1 [ötökkä] tai [hedelmä] lintujen ruokintakoneesta, jos saatavilla.
White Stork;Ciconia ciconia;Discard all remaining face-up [card] and refill the tray. If you do, draw 1 of the new face-up [card].;Hävitä kaikki jäljellä oleva kuvapuoli ylöspäin [kortti] ja täytä lokero uudelleen. Jos teet niin, nosta yksi uudesta kuvapuoli ylöspäin [kortista].
White Wagtail;Motacilla alba;If you used all 4 types of actions this round, play another bird. Pay its normal food and egg cost.;Jos käytit kaikkia neljää toimintatyyppiä tällä kierroksella, pelaa toinen lintu. Maksa normaalit ruoka- ja munakustannukset.
White-Backed Woodpecker;Dendrocopos leucotos;Gain 1 [die] from the birdfeeder.;Ansaitse 1 [noppa] lintujen ruokintalaitteesta.
White-Bellied Sea-Eagle;Haliaeetus leucogaster;Reset the birdfeeder. Gain 1 [fish] or 1 [rodent] from the birdfeeder, if there is one, and cache it on this bird.;Nollaa lintujen syöttölaite. Hanki 1 [kala] tai 1 [jyrsijä] lintujenruokintalaitteesta, jos sellainen on, ja tallenna se tälle linnulle.
White-Breasted Nuthatch;Sitta carolinensis;Cache 1 [seed] from the supply on this bird.;Tallenna 1 [siemen] tämän linnun päälle.
White-Breasted Woodswallow;Artamus leucoryn;Lay 1 [egg] on each bird in your [grassland], including this one.;Muni 1 [muna] jokaiselle [pellollasi] olevalle linnulle, mukaan lukien tämä.
White-Crowned Sparrow;Zonotrichia leucophrys;If this bird is to the right of all other birds in its habitat, move it to another habitat.;Jos tämä lintu on kaikkien muiden lintujen oikealla puolella sen elinympäristössä, siirrä se toiseen elinympäristöön.
White-Faced Heron;Egretta novaehollandiae;Reset the birdfeeder and gain all [fish], if there are any. You may cache any or all of them on this bird.;Nollaa lintujensyöttölaite ja ota kaikki [kalat], jos niitä on. Voit tallentaa minkä tahansa tai kaikki niistä tälle linnulle.
White-Faced Ibis;Plegadis chihi;Roll all dice not in birdfeeder. If any are [fish], cache 1 [fish] from the supply on this bird.;Pyöritä kaikkia noppia, jotka eivät ole linnunsyöttölaitteessa. Jos ne ovat [kaloja], säilytä 1 [kala] tämän linnun päälle.
White-Throated Dipper;Cinclus cinclus;Discard all remaining face-up [card] and refill the tray. If you do, draw 1 of the new face-up [card].;Hävitä kaikki jäljellä oleva kuvapuoli ylöspäin [kortti] ja täytä lokero uudelleen. Jos teet niin, nosta yksi uudesta kuvapuoli ylöspäin [kortista].
White-Throated Swift;Aeronautes saxatalis;Tuck 1 [card] from your hand behind this bird. If you do, lay 1 [egg] on any bird.;Työnnä 1 [kortti] kädestäsi tämän linnun taakse. Jos teet niin, muni 1 [muna] mille tahansa linnulle.
Whooping Crane;Grus americana;Draw 2 new bonus cards and keep 1.;Nosta 2 uutta bonuskorttia ja pidä 1.
Wild Turkey;Meleagris gallopavo;;-
Willet;Tringa semipalmata;Roll all dice not in birdfeeder. If any are [fish], cache 1 [fish] from the supply on this bird.;Pyöritä kaikkia noppia, jotka eivät ole linnunsyöttölaitteessa. Jos ne ovat [kaloja], säilytä 1 [kala] tämän linnun päälle
Willie-Wagtail;Rhipidura leucophrys;Draw 1 face-up [card] from the tray with a [bowl] or [star] nest. You may reset or refill the tray before doing so.;Nosta 1 kuvapuoli ylöspäin [kortti] alustalta, jossa on [kulho] tai [tähti]. Voit nollata tai täyttää lokeron ennen kuin teet niin.
Wilson's Snipe;Gallinago delicata;All players draw 1 [card] from the deck.;Kaikki pelaajat nostavat 1 [kortin] pakasta.
Wilson's Storm Petrel;Oceanites oceanicus;Draw 1 [card] for each empty card slot in this row. At the end of your turn, keep 1 and discard the rest.;Nosta 1 [kortti] jokaista tämän rivin tyhjää korttipaikkaa kohti. Pidä vuorosi lopussa 1 ja hylkää loput.
Wood Duck;Aix sponsa;Draw 2 [card]. If you do, discard 1 [card] from your hand at the end of your turn.;Nosta 2 [kortti]. Jos teet niin, hävitä 1 [kortti] kädestäsi vuorosi lopussa.
Wood Stork;Mycteria americana;Draw 2 new bonus cards and keep 1.;Nosta 2 uutta bonuskorttia ja pidä 1.
Wrybill;Anarhynchus frontalis;Look through all discarded bonus cards. Keep 1 of them.;Tarkista kaikki hylätyt bonuskortit. Pidä niistä 1.
Yellow-Bellied Sapsucker;Sphyrapicus varius;Gain 1 [invertebrate] from the supply.;Hanki 1 [ötökkä] tarjonnasta.
Yellow-Billed Cuckoo;Coccyzus americanus;"When another player takes the ""lay eggs"" action, lay 1 [egg] on a bird with a [bowl] nest.";"Kun toinen pelaaja tekee ""muninta"" -toiminnon, muni 1 [muna] linnulle, jolla on [kulho]pesä."
Yellow-Breasted Chat;Icteria virens;If this bird is to the right of all other birds in its habitat, move it to another habitat.;Jos tämä lintu on kaikkien muiden lintujen oikealla puolella sen elinympäristössä, siirrä se toiseen elinympäristöön.
Yellow-Headed Blackbird;Xanthocephalus xanthocephalus;Tuck 1 [card] from your hand behind this bird. If you do, you may also lay 1 [egg] on this bird.;Työnnä 1 [kortti] kädestäsi tämän linnun taakse. Jos teet niin, voit myös munia 1 [munan] tälle linnulle.
Yellow-Rumped Warbler;Setophaga coronata;Tuck 1 [card] from your hand behind this bird. If you do, draw 1 [card].;Työnnä 1 [kortti] kädestäsi tämän linnun taakse. Jos teet niin, nosta 1 [kortti].
Yellowhammer;Emberiza citrinella;If you used all 4 types of actions this round, play another bird. Pay its normal food and egg cost.;Jos käytit kaikkia neljää toimintatyyppiä tällä kierroksella, pelaa toinen lintu. Maksa normaalit ruoka- ja munakustannukset.
